João Silva, joao.silva@example.com, e99a18, Lisboa, 1000-001, Rua Augusta 123
Maria Fernandes, maria.fernandes@example.com, e16b2ab8d, Porto, 4000-002, Avenida dos Aliados 456
Pedro Oliveira, pedro.oliveira@example.com, ffd93f168, Coimbra, 3000-003, Rua de Sofia 789
Ana Sousa, ana.sousa@example.com, 23c44a1d5b0, Faro, 8000-004, Avenida 5 de Outubro 101
Luís Santos, luis.santos@example.com, 8d31cf8c9d, Braga, 4700-005, Rua do Souto 202
Carla Pereira, carla.pereira@example.com, f6822a4, Évora, 7000-006, Praça do Giraldo 303
